Number of sequence,Size of sequence,Probability of bases(A-C-G-T),Motif,Motif Size,Motif Occurrence,With Shannon Entropy,Time to find motif(ms)
1000,5,0.25-0.25-0.25-0.25,CAAGA,5,5,false,235
1000,5,0.25-0.25-0.25-0.25,ATGAT,5,4,true,147
10000,20,0.4-0.2-0.2-0.2,AAAA,4,2858,false,2466
10000,20,0.4-0.2-0.2-0.2,AAAA,4,2370,true,1721
100000,20,0.2-0.3-0.3-0.2,GCCGGG,6,1201,false,17063
100000,20,0.2-0.3-0.3-0.2,GCCGGG,6,1101,true,19140
10000,10,0.3-0.1-0.3-0.3,AAAGT,5,180,false,2005
10000,10,0.3-0.1-0.3-0.3,ATTGA,5,132,true,1209
10000,60,0.4-0.1-0.1-0.4,ATTT,4,14732,false,2099
10000,60,0.4-0.1-0.1-0.4,ATTT,4,13528,true,1538
1000000,40,0.1-0.2-0.2-0.5,TTTTTTT,7,138056,false,177767
1000000,40,0.1-0.2-0.2-0.5,TTTTTTT,7,98367,true,143264
10000,40,0.5-0.2-0.2-0.1,AAAAAAA,7,1426,false,1946
10000,40,0.5-0.2-0.2-0.1,Null,7,0,true,0
10000,40,0.2-0.3-0.3-0.2,CCGGCCG,7,95,false,2381
10000,40,0.2-0.3-0.3-0.2,Null,7,0,true,0
1000,10,0.2-0.3-0.3-0.2,CGG,3,219,false,261
1000,10,0.2-0.3-0.3-0.2,CGG,3,199,true,229
